<?xml version="1.0" encoding="UTF-8"?>
<MUPDefinition xmlns:xsi="http://www.w3.org/2001/XMLSchema-instance" xsi:schemaLocation="http://schemas.dell.com/openmanage/cm/2/0/mupdefinition.xsd mupdefinition.xsd">
	<packageinformation>
		<installertype>installshield installscript</installertype>
		<packagegrouping>single_package</packagegrouping>
		<packagingtype>zip</packagingtype>
		<releasetype>DRVR</releasetype>
		<name>Intel(R) Chipset INF</name>
		<supportedoperatingsystems>
			<osidentifier name="XP" architecture="x86"/>
			<osidentifier name="Vista" architecture="x86"/>
			<osidentifier name="Windows7" architecture="x86"/>
			<osidentifier name="W2K3" architecture="x86"/>
			<osidentifier name="W2K8" architecture="x86"/>
			<osidentifier name="XP" architecture="x64"/>
			<osidentifier name="Vista" architecture="x64"/>
			<osidentifier name="Windows7" architecture="x64"/>
			<osidentifier name="W2K3" architecture="x64"/>
			<osidentifier name="W2K8" architecture="x64"/>
		</supportedoperatingsystems>
		<mupspecificationversion>2.1.0</mupspecificationversion>
		<version>8.2.0.1000</version>
</packageinformation>
	<executable>
		<executablename>setup.exe</executablename>
	</executable>
	<behaviors>
		<!--
    <behavior name="freshinstall">
      Not Supported By the Installer.... Conditional
      <vendoroption>
        <optionvalue switch="/" requiresvalue="false" />
      </vendoroption>
    </behavior>
-->
		<!-- Driver only package
    <behavior name="driveronly">
      <vendoroption>
        <optionvalue switch="/" requiresvalue="false">noIMSS</optionvalue>
      </vendoroption>
    </behavior>
    <behavior name="applicationonly">
      <vendoroption>
        <optionvalue switch="/" requiresvalue="false">nodrv</optionvalue>
      </vendoroption>
    </behavior>
-->
		<behavior name="extractdrivers">
			<vendoroption>
				<container>
					<containervalue switch="/" requiresvalue="false" valuedelimiter=" " enclose="&quot;">v</containervalue>
					<optionvalue switch="" requiresvalue="true" valuedelimiter="=">ExtractDrivers</optionvalue>
				</container>
			</vendoroption>
		</behavior>
		<behavior name="attended"/>
		<behavior name="help">
			<vendoroption>
				<optionvalue switch="/" requiresvalue="false">?</optionvalue>
			</vendoroption>
		</behavior>
		<behavior name="unattended">
			<vendoroption>
				<optionvalue switch="/" requiresvalue="false">s</optionvalue>
			</vendoroption>
			<!-- The DUP will Restart the system
      <vendoroption>
        <optionvalue switch="/" requiresvalue="false">b</optionvalue>
      </vendoroption>
-->
		</behavior>
	</behaviors>
	<parameters>
		<parametermapping name="force">
			<vendoroption>
				<optionvalue switch="/" requiresvalue="false">overwrite</optionvalue>
			</vendoroption>
		</parametermapping>
		<parametermapping name="logfile">
			<vendoroption>
				<optionvalue switch="/" requiresvalue="true" valuedelimiter="" enclose="&quot;">f2</optionvalue>
			</vendoroption>
		</parametermapping>
	</parameters>
	<returncodes>
		<returncodemapping name="REBOOTING_SYSTEM">
			<vendorreturncode>15</vendorreturncode>
		</returncodemapping>
		<returncodemapping name="PASSWORD_REQUIRED">
			<vendorreturncode>2</vendorreturncode>
		</returncodemapping>
		<returncodemapping name="NO_DOWNGRADE">
			<!--Always able to DownGrade, Installer Doesn't need to support-->
			<vendorreturncode>9999</vendorreturncode>
		</returncodemapping>
		<returncodemapping name="REBOOT_UPDATE_PENDING">
			<!--Installer only Reboots Once, Installer Doesn't need to support-->
			<vendorreturncode>9999</vendorreturncode>
		</returncodemapping>
		<returncodemapping name="DEP_SOFT_ERROR">
			<vendorreturncode>7</vendorreturncode>
		</returncodemapping>
		<returncodemapping name="DEP_HARD_ERROR">
			<vendorreturncode>5</vendorreturncode>
		</returncodemapping>
		<returncodemapping name="SUCCESS">
			<vendorreturncode>0</vendorreturncode>
		</returncodemapping>
		<returncodemapping name="ERROR">
			<vendorreturncode>10</vendorreturncode>
		</returncodemapping>
		<returncodemapping name="REBOOT_REQUIRED">
			<vendorreturncode>14</vendorreturncode>
		</returncodemapping>
		<returncodemapping name="ERROR_INSTALL_PLATFORM_UNSUPPORTED">
			<vendorreturncode>3</vendorreturncode>
		</returncodemapping>
		<returncodemapping name="UNKNOWN_OPTION">
			<vendorreturncode>1</vendorreturncode>
		</returncodemapping>
		<returncodemapping name="ERROR">
			<vendorreturncode>9</vendorreturncode>
		</returncodemapping>
		<returncodemapping name="ERROR">
			<vendorreturncode>6</vendorreturncode>
		</returncodemapping>
		<returncodemapping name="ERROR">
			<vendorreturncode>4</vendorreturncode>
		</returncodemapping>
	</returncodes>
	<inventorymetadata>
		<extractdriversidentifier>
			<pnpids>
<pnpdevice><!--2008s4el.inf-->
<driverversion>9.1.0.1012</driverversion>
<pnpidstring>2E00</pnpidstring>
<pnpidstring>2E01</pnpidstring>
<pnpidstring>2E09</pnpidstring>
<pnpidstring>2E10</pnpidstring>
<pnpidstring>2E11</pnpidstring>
<pnpidstring>2E19</pnpidstring>
<pnpidstring>2E20</pnpidstring>
<pnpidstring>2E21</pnpidstring>
<pnpidstring>2E29</pnpidstring>
<pnpidstring>2E30</pnpidstring>
<pnpidstring>2E31</pnpidstring>
<pnpidstring>2E40</pnpidstring>
<pnpidstring>2E41</pnpidstring>
<pnpidstring>2E90</pnpidstring>
<pnpidstring>2E91</pnpidstring>
</pnpdevice>
<pnpdevice><!--5000XZVP.inf-->
<driverversion>8.6.0.1002</driverversion>
<pnpidstring>25C0</pnpidstring>
<pnpidstring>25D0</pnpidstring>
<pnpidstring>25D4</pnpidstring>
<pnpidstring>25D8</pnpidstring>
<pnpidstring>25E2</pnpidstring>
<pnpidstring>25E3</pnpidstring>
<pnpidstring>25E4</pnpidstring>
<pnpidstring>25E5</pnpidstring>
<pnpidstring>25E6</pnpidstring>
<pnpidstring>25E7</pnpidstring>
<pnpidstring>25F0</pnpidstring>
<pnpidstring>25F1</pnpidstring>
<pnpidstring>25F3</pnpidstring>
<pnpidstring>25F5</pnpidstring>
<pnpidstring>25F6</pnpidstring>
<pnpidstring>25F7</pnpidstring>
<pnpidstring>25F8</pnpidstring>
<pnpidstring>25F9</pnpidstring>
<pnpidstring>25FA</pnpidstring>
<pnpidstring>3500</pnpidstring>
<pnpidstring>3501</pnpidstring>
<pnpidstring>3504</pnpidstring>
<pnpidstring>3505</pnpidstring>
<pnpidstring>350C</pnpidstring>
<pnpidstring>350D</pnpidstring>
<pnpidstring>3510</pnpidstring>
<pnpidstring>3511</pnpidstring>
<pnpidstring>3514</pnpidstring>
<pnpidstring>3515</pnpidstring>
<pnpidstring>3518</pnpidstring>
<pnpidstring>3519</pnpidstring>
<pnpidstring>2670</pnpidstring>
<pnpidstring>269B</pnpidstring>
<pnpidstring>2690</pnpidstring>
<pnpidstring>2692</pnpidstring>
<pnpidstring>2694</pnpidstring>
<pnpidstring>2696</pnpidstring>
</pnpdevice>
<pnpdevice><!--5400.inf-->
<driverversion>8.6.1.1001</driverversion>
<pnpidstring>4000</pnpidstring>
<pnpidstring>4001</pnpidstring>
<pnpidstring>4003</pnpidstring>
<pnpidstring>4021</pnpidstring>
<pnpidstring>4022</pnpidstring>
<pnpidstring>4023</pnpidstring>
<pnpidstring>4024</pnpidstring>
<pnpidstring>4025</pnpidstring>
<pnpidstring>4026</pnpidstring>
<pnpidstring>4027</pnpidstring>
<pnpidstring>4028</pnpidstring>
<pnpidstring>4029</pnpidstring>
<pnpidstring>402D</pnpidstring>
<pnpidstring>402E</pnpidstring>
<pnpidstring>4030</pnpidstring>
<pnpidstring>4031</pnpidstring>
<pnpidstring>4032</pnpidstring>
<pnpidstring>4035</pnpidstring>
<pnpidstring>4036</pnpidstring>
</pnpdevice>
<pnpdevice><!--852.inf-->
<driverversion>5.1.0.1006</driverversion>
<pnpidstring>3580</pnpidstring>
<pnpidstring>3584</pnpidstring>
<pnpidstring>3585</pnpidstring>
<pnpidstring>3581</pnpidstring>
</pnpdevice>
<pnpdevice><!--855.inf-->
<driverversion>4.20.1007</driverversion>
<pnpidstring>3340</pnpidstring>
<pnpidstring>3341</pnpidstring>
</pnpdevice>
<pnpdevice><!--865.inf-->
<driverversion>5.1.0.1009</driverversion>
<pnpidstring>2570</pnpidstring>
<pnpidstring>2571</pnpidstring>
<pnpidstring>2573</pnpidstring>
<pnpidstring>2576</pnpidstring>
<pnpidstring>2578</pnpidstring>
<pnpidstring>2579</pnpidstring>
<pnpidstring>257B</pnpidstring>
<pnpidstring>257E</pnpidstring>
</pnpdevice>
<pnpdevice><!--915.inf-->
<driverversion>7.0.0.1019</driverversion>
<pnpidstring>2580</pnpidstring>
<pnpidstring>2581</pnpidstring>
<pnpidstring>2584</pnpidstring>
<pnpidstring>2585</pnpidstring>
</pnpdevice>
<pnpdevice><!--915M.inf-->
<driverversion>6.1.0.1008</driverversion>
<pnpidstring>2590</pnpidstring>
<pnpidstring>2591</pnpidstring>
</pnpdevice>
<pnpdevice><!--945.inf-->
<driverversion>8.3.0.1011</driverversion>
<pnpidstring>2770</pnpidstring>
<pnpidstring>2771</pnpidstring>
<pnpidstring>2774</pnpidstring>
<pnpidstring>2775</pnpidstring>
<pnpidstring>277C</pnpidstring>
<pnpidstring>277A</pnpidstring>
<pnpidstring>277D</pnpidstring>
</pnpdevice>
<pnpdevice><!--945GM.inf-->
<driverversion>8.3.1.1005</driverversion>
<pnpidstring>27A0</pnpidstring>
<pnpidstring>27A1</pnpidstring>
<pnpidstring>27AC</pnpidstring>
<pnpidstring>27AD</pnpidstring>
</pnpdevice>
<pnpdevice><!--965g.inf-->
<driverversion>8.3.0.1016</driverversion>
<pnpidstring>2970</pnpidstring>
<pnpidstring>2971</pnpidstring>
<pnpidstring>2980</pnpidstring>
<pnpidstring>2981</pnpidstring>
<pnpidstring>2990</pnpidstring>
<pnpidstring>2991</pnpidstring>
<pnpidstring>29A0</pnpidstring>
<pnpidstring>29A1</pnpidstring>
</pnpdevice>
<pnpdevice><!--965m.inf-->
<driverversion>8.3.1.1005</driverversion>
<pnpidstring>2A00</pnpidstring>
<pnpidstring>2A01</pnpidstring>
<pnpidstring>2A10</pnpidstring>
<pnpidstring>2A11</pnpidstring>
</pnpdevice>
<pnpdevice><!--cougahci.inf-->
<driverversion>9.2.0.1011</driverversion>
<pnpidstring>1C02</pnpidstring>
<pnpidstring>1C03</pnpidstring>
</pnpdevice>
<pnpdevice><!--cougcore.inf-->
<driverversion>9.2.0.1016</driverversion>
<pnpidstring>1C24</pnpidstring>
<pnpidstring>1C25</pnpidstring>
<pnpidstring>1C10</pnpidstring>
<pnpidstring>1C12</pnpidstring>
<pnpidstring>1C14</pnpidstring>
<pnpidstring>1C16</pnpidstring>
<pnpidstring>1C18</pnpidstring>
<pnpidstring>1C1A</pnpidstring>
<pnpidstring>1C1C</pnpidstring>
<pnpidstring>1C1E</pnpidstring>
<pnpidstring>1C40</pnpidstring>
<pnpidstring>1C41</pnpidstring>
<pnpidstring>1C42</pnpidstring>
<pnpidstring>1C43</pnpidstring>
<pnpidstring>1C44</pnpidstring>
<pnpidstring>1C46</pnpidstring>
<pnpidstring>1C47</pnpidstring>
<pnpidstring>1C49</pnpidstring>
<pnpidstring>1C4A</pnpidstring>
<pnpidstring>1C4B</pnpidstring>
<pnpidstring>1C4C</pnpidstring>
<pnpidstring>1C4D</pnpidstring>
<pnpidstring>1C4E</pnpidstring>
<pnpidstring>1C4F</pnpidstring>
<pnpidstring>1C50</pnpidstring>
<pnpidstring>1C52</pnpidstring>
<pnpidstring>1C54</pnpidstring>
<pnpidstring>1C56</pnpidstring>
<pnpidstring>1C58</pnpidstring>
<pnpidstring>1C59</pnpidstring>
<pnpidstring>1C5A</pnpidstring>
<pnpidstring>1C5C</pnpidstring>
</pnpdevice>
<pnpdevice><!--cougHECI.inf-->
<driverversion>9.2.0.1022</driverversion>
<pnpidstring>1C3B</pnpidstring>
</pnpdevice>
<pnpdevice><!--cougide.inf-->
<driverversion>9.2.0.1011</driverversion>
<pnpidstring>1C00</pnpidstring>
<pnpidstring>1C01</pnpidstring>
<pnpidstring>1C08</pnpidstring>
<pnpidstring>1C09</pnpidstring>
</pnpdevice>
<pnpdevice><!--cougME.inf-->
<driverversion>9.2.0.1024</driverversion>
<pnpidstring>1C3A</pnpidstring>
</pnpdevice>
<pnpdevice><!--cougsmb.inf-->
<driverversion>9.2.0.1011</driverversion>
<pnpidstring>1C22</pnpidstring>
</pnpdevice>
<pnpdevice><!--cougusb.inf-->
<driverversion>9.2.0.1021</driverversion>
<pnpidstring>1C26</pnpidstring>
<pnpidstring>1C2D</pnpidstring>
</pnpdevice>
<pnpdevice><!--couide2.inf-->
<driverversion>9.2.0.1014</driverversion>
<pnpidstring>1C00</pnpidstring>
<pnpidstring>1C01</pnpidstring>
<pnpidstring>1C08</pnpidstring>
<pnpidstring>1C09</pnpidstring>
</pnpdevice>
<pnpdevice><!--E5100.inf-->
<driverversion>8.6.1.1002</driverversion>
<pnpidstring>65C0</pnpidstring>
<pnpidstring>65E2</pnpidstring>
<pnpidstring>65E3</pnpidstring>
<pnpidstring>65E4</pnpidstring>
<pnpidstring>65E5</pnpidstring>
<pnpidstring>65E6</pnpidstring>
<pnpidstring>65E7</pnpidstring>
<pnpidstring>65F0</pnpidstring>
<pnpidstring>65F1</pnpidstring>
<pnpidstring>65F2</pnpidstring>
<pnpidstring>65F5</pnpidstring>
<pnpidstring>65F6</pnpidstring>
<pnpidstring>65F7</pnpidstring>
<pnpidstring>65F8</pnpidstring>
<pnpidstring>65F9</pnpidstring>
<pnpidstring>65FA</pnpidstring>
<pnpidstring>65FF</pnpidstring>
</pnpdevice>
<pnpdevice><!--E7220.inf-->
<driverversion>7.0.0.1011</driverversion>
<pnpidstring>032C</pnpidstring>
<pnpidstring>2588</pnpidstring>
<pnpidstring>2589</pnpidstring>
</pnpdevice>
<pnpdevice><!--E7230.inf-->
<driverversion>8.1.0.1002</driverversion>
<pnpidstring>2778</pnpidstring>
<pnpidstring>2779</pnpidstring>
</pnpdevice>
<pnpdevice><!--E7300.inf-->
<driverversion>8.6.1.1001</driverversion>
<pnpidstring>3600</pnpidstring>
<pnpidstring>3604</pnpidstring>
<pnpidstring>3605</pnpidstring>
<pnpidstring>3606</pnpidstring>
<pnpidstring>3607</pnpidstring>
<pnpidstring>3608</pnpidstring>
<pnpidstring>3609</pnpidstring>
<pnpidstring>360A</pnpidstring>
<pnpidstring>360C</pnpidstring>
<pnpidstring>360D</pnpidstring>
<pnpidstring>360E</pnpidstring>
<pnpidstring>360F</pnpidstring>
<pnpidstring>3610</pnpidstring>
</pnpdevice>
<pnpdevice><!--E7520.inf-->
<driverversion>7.3.0.1013</driverversion>
<pnpidstring>3590</pnpidstring>
<pnpidstring>3591</pnpidstring>
<pnpidstring>3592</pnpidstring>
<pnpidstring>3593</pnpidstring>
<pnpidstring>3594</pnpidstring>
<pnpidstring>3595</pnpidstring>
<pnpidstring>3596</pnpidstring>
<pnpidstring>3597</pnpidstring>
<pnpidstring>3598</pnpidstring>
<pnpidstring>3599</pnpidstring>
<pnpidstring>359A</pnpidstring>
<pnpidstring>359B</pnpidstring>
<pnpidstring>359E</pnpidstring>
<pnpidstring>0326</pnpidstring>
<pnpidstring>0327</pnpidstring>
<pnpidstring>0329</pnpidstring>
<pnpidstring>032A</pnpidstring>
<pnpidstring>0330</pnpidstring>
<pnpidstring>0331</pnpidstring>
<pnpidstring>0332</pnpidstring>
<pnpidstring>0333</pnpidstring>
<pnpidstring>0334</pnpidstring>
<pnpidstring>0370</pnpidstring>
<pnpidstring>0371</pnpidstring>
<pnpidstring>0372</pnpidstring>
<pnpidstring>0373</pnpidstring>
<pnpidstring>0374</pnpidstring>
</pnpdevice>
<pnpdevice><!--E8500.inf-->
<driverversion>7.2.2.1001</driverversion>
<pnpidstring>2600</pnpidstring>
<pnpidstring>2601</pnpidstring>
<pnpidstring>2602</pnpidstring>
<pnpidstring>2603</pnpidstring>
<pnpidstring>2604</pnpidstring>
<pnpidstring>2605</pnpidstring>
<pnpidstring>2606</pnpidstring>
<pnpidstring>2607</pnpidstring>
<pnpidstring>2608</pnpidstring>
<pnpidstring>2609</pnpidstring>
<pnpidstring>260A</pnpidstring>
<pnpidstring>260C</pnpidstring>
<pnpidstring>2610</pnpidstring>
<pnpidstring>2611</pnpidstring>
<pnpidstring>2612</pnpidstring>
<pnpidstring>2613</pnpidstring>
<pnpidstring>2614</pnpidstring>
<pnpidstring>2615</pnpidstring>
<pnpidstring>2617</pnpidstring>
<pnpidstring>2618</pnpidstring>
<pnpidstring>2619</pnpidstring>
<pnpidstring>261A</pnpidstring>
<pnpidstring>261B</pnpidstring>
<pnpidstring>261C</pnpidstring>
<pnpidstring>261D</pnpidstring>
<pnpidstring>261E</pnpidstring>
<pnpidstring>2620</pnpidstring>
<pnpidstring>2621</pnpidstring>
<pnpidstring>2622</pnpidstring>
<pnpidstring>2623</pnpidstring>
<pnpidstring>2624</pnpidstring>
<pnpidstring>2625</pnpidstring>
<pnpidstring>2626</pnpidstring>
<pnpidstring>2627</pnpidstring>
</pnpdevice>
<pnpdevice><!--ESB2id2.inf-->
<driverversion>8.6.1.1001</driverversion>
<pnpidstring>2680</pnpidstring>
<pnpidstring>269E</pnpidstring>
</pnpdevice>
<pnpdevice><!--ESB2ide.inf-->
<driverversion>9.1.1.1003</driverversion>
<pnpidstring>2680</pnpidstring>
<pnpidstring>269E</pnpidstring>
</pnpdevice>
<pnpdevice><!--ESB2usb.inf-->
<driverversion>7.4.1.1005</driverversion>
<pnpidstring>2688</pnpidstring>
<pnpidstring>2689</pnpidstring>
<pnpidstring>268A</pnpidstring>
<pnpidstring>268B</pnpidstring>
<pnpidstring>268C</pnpidstring>
</pnpdevice>
<pnpdevice><!--g33q35.inf-->
<driverversion>8.6.1.1001</driverversion>
<pnpidstring>29B0</pnpidstring>
<pnpidstring>29B1</pnpidstring>
<pnpidstring>29C0</pnpidstring>
<pnpidstring>29C1</pnpidstring>
<pnpidstring>29D0</pnpidstring>
<pnpidstring>29D1</pnpidstring>
<pnpidstring>29E0</pnpidstring>
<pnpidstring>29E1</pnpidstring>
<pnpidstring>29E9</pnpidstring>
<pnpidstring>29F0</pnpidstring>
<pnpidstring>29F1</pnpidstring>
<pnpidstring>29F9</pnpidstring>
<pnpidstring>8002</pnpidstring>
</pnpdevice>
<pnpdevice><!--ibexahci.inf-->
<driverversion>7.0.0.1013</driverversion>
<pnpidstring>2821</pnpidstring>
<pnpidstring>2824</pnpidstring>
<pnpidstring>2829</pnpidstring>
<pnpidstring>2922</pnpidstring>
<pnpidstring>2923</pnpidstring>
<pnpidstring>2929</pnpidstring>
<pnpidstring>3A02</pnpidstring>
<pnpidstring>3A03</pnpidstring>
<pnpidstring>3A22</pnpidstring>
<pnpidstring>3A23</pnpidstring>
<pnpidstring>3B22</pnpidstring>
<pnpidstring>3B23</pnpidstring>
<pnpidstring>3B29</pnpidstring>
<pnpidstring>3B2F</pnpidstring>
</pnpdevice>
<pnpdevice><!--ibexcore.inf-->
<driverversion>9.1.1.1022</driverversion>
<pnpidstring>3B53</pnpidstring>
<pnpidstring>0051</pnpidstring>
<pnpidstring>3B42</pnpidstring>
<pnpidstring>3B44</pnpidstring>
<pnpidstring>3B46</pnpidstring>
<pnpidstring>3B48</pnpidstring>
<pnpidstring>3B4A</pnpidstring>
<pnpidstring>3B4C</pnpidstring>
<pnpidstring>3B4E</pnpidstring>
<pnpidstring>3B50</pnpidstring>
<pnpidstring>3B00</pnpidstring>
<pnpidstring>3B01</pnpidstring>
<pnpidstring>3B02</pnpidstring>
<pnpidstring>3B03</pnpidstring>
<pnpidstring>3B04</pnpidstring>
<pnpidstring>3B05</pnpidstring>
<pnpidstring>3B06</pnpidstring>
<pnpidstring>3B07</pnpidstring>
<pnpidstring>3B08</pnpidstring>
<pnpidstring>3B09</pnpidstring>
<pnpidstring>3B0A</pnpidstring>
<pnpidstring>3B0B</pnpidstring>
<pnpidstring>3B0C</pnpidstring>
<pnpidstring>3B0D</pnpidstring>
<pnpidstring>3B0E</pnpidstring>
<pnpidstring>3B0F</pnpidstring>
<pnpidstring>3B10</pnpidstring>
<pnpidstring>3B11</pnpidstring>
<pnpidstring>3B12</pnpidstring>
<pnpidstring>3B13</pnpidstring>
<pnpidstring>3B14</pnpidstring>
<pnpidstring>3B15</pnpidstring>
<pnpidstring>3B16</pnpidstring>
<pnpidstring>3B17</pnpidstring>
<pnpidstring>3B18</pnpidstring>
<pnpidstring>3B19</pnpidstring>
<pnpidstring>3B1A</pnpidstring>
<pnpidstring>3B1B</pnpidstring>
<pnpidstring>3B1C</pnpidstring>
<pnpidstring>3B1D</pnpidstring>
<pnpidstring>3B1E</pnpidstring>
<pnpidstring>3B1F</pnpidstring>
</pnpdevice>
<pnpdevice><!--ibexid2.inf-->
<driverversion>9.1.1.1027</driverversion>
<pnpidstring>2920</pnpidstring>
<pnpidstring>2921</pnpidstring>
<pnpidstring>2926</pnpidstring>
<pnpidstring>2928</pnpidstring>
<pnpidstring>292D</pnpidstring>
<pnpidstring>3A00</pnpidstring>
<pnpidstring>3A06</pnpidstring>
<pnpidstring>3A20</pnpidstring>
<pnpidstring>3A26</pnpidstring>
<pnpidstring>3B20</pnpidstring>
<pnpidstring>3B21</pnpidstring>
<pnpidstring>3B2D</pnpidstring>
<pnpidstring>3B2E</pnpidstring>
<pnpidstring>3B26</pnpidstring>
<pnpidstring>3B28</pnpidstring>
</pnpdevice>
<pnpdevice><!--ibexide.inf-->
<driverversion>9.1.1.1013</driverversion>
<pnpidstring>2920</pnpidstring>
<pnpidstring>2921</pnpidstring>
<pnpidstring>2926</pnpidstring>
<pnpidstring>2928</pnpidstring>
<pnpidstring>292D</pnpidstring>
<pnpidstring>3A00</pnpidstring>
<pnpidstring>3A06</pnpidstring>
<pnpidstring>3A20</pnpidstring>
<pnpidstring>3A26</pnpidstring>
<pnpidstring>3B20</pnpidstring>
<pnpidstring>3B21</pnpidstring>
<pnpidstring>3B2D</pnpidstring>
<pnpidstring>3B2E</pnpidstring>
<pnpidstring>3B26</pnpidstring>
<pnpidstring>3B28</pnpidstring>
</pnpdevice>
<pnpdevice><!--ibexsmb.inf-->
<driverversion>1.0.0.0002</driverversion>
<pnpidstring>283E</pnpidstring>
<pnpidstring>2930</pnpidstring>
<pnpidstring>3A30</pnpidstring>
<pnpidstring>3A60</pnpidstring>
<pnpidstring>3B30</pnpidstring>
</pnpdevice>
<pnpdevice><!--ibexusb.inf-->
<driverversion>9.1.1.1020</driverversion>
<pnpidstring>3B34</pnpidstring>
<pnpidstring>3B36</pnpidstring>
<pnpidstring>3B37</pnpidstring>
<pnpidstring>3B38</pnpidstring>
<pnpidstring>3B39</pnpidstring>
<pnpidstring>3B3A</pnpidstring>
<pnpidstring>3B3B</pnpidstring>
<pnpidstring>3B3C</pnpidstring>
<pnpidstring>3B3E</pnpidstring>
<pnpidstring>3B3F</pnpidstring>
<pnpidstring>3B40</pnpidstring>
</pnpdevice>
<pnpdevice><!--ich5core.inf-->
<driverversion>7.0.0.1011</driverversion>
<pnpidstring>24D0</pnpidstring>
<pnpidstring>24DC</pnpidstring>
<pnpidstring>24D3</pnpidstring>
<pnpidstring>25A1</pnpidstring>
<pnpidstring>25A4</pnpidstring>
<pnpidstring>25AB</pnpidstring>
<pnpidstring>25AE</pnpidstring>
<pnpidstring>25AC</pnpidstring>
</pnpdevice>
<pnpdevice><!--ich5id2.inf-->
<driverversion>8.2.0.1011</driverversion>
<pnpidstring>24D1</pnpidstring>
<pnpidstring>24DB</pnpidstring>
<pnpidstring>25A2</pnpidstring>
<pnpidstring>25A3</pnpidstring>
</pnpdevice>
<pnpdevice><!--ich5ide.inf-->
<driverversion>8.2.0.1011</driverversion>
<pnpidstring>24D1</pnpidstring>
<pnpidstring>24DB</pnpidstring>
<pnpidstring>25A2</pnpidstring>
<pnpidstring>25A3</pnpidstring>
</pnpdevice>
<pnpdevice><!--ich5usb.inf-->
<driverversion>8.2.0.1008</driverversion>
<pnpidstring>24D2</pnpidstring>
<pnpidstring>24D4</pnpidstring>
<pnpidstring>24D7</pnpidstring>
<pnpidstring>24DE</pnpidstring>
<pnpidstring>24DD</pnpidstring>
<pnpidstring>25A9</pnpidstring>
<pnpidstring>25AA</pnpidstring>
<pnpidstring>25AD</pnpidstring>
</pnpdevice>
<pnpdevice><!--ich6core.inf-->
<driverversion>7.0.0.1011</driverversion>
<pnpidstring>2640</pnpidstring>
<pnpidstring>2641</pnpidstring>
<pnpidstring>2642</pnpidstring>
<pnpidstring>266A</pnpidstring>
<pnpidstring>2660</pnpidstring>
<pnpidstring>2662</pnpidstring>
<pnpidstring>2664</pnpidstring>
<pnpidstring>2666</pnpidstring>
</pnpdevice>
<pnpdevice><!--ich6id2.inf-->
<driverversion>8.2.0.1011</driverversion>
<pnpidstring>2651</pnpidstring>
<pnpidstring>2652</pnpidstring>
<pnpidstring>2653</pnpidstring>
<pnpidstring>266F</pnpidstring>
</pnpdevice>
<pnpdevice><!--ich6ide.inf-->
<driverversion>8.2.0.1011</driverversion>
<pnpidstring>2651</pnpidstring>
<pnpidstring>2652</pnpidstring>
<pnpidstring>2653</pnpidstring>
<pnpidstring>266F</pnpidstring>
</pnpdevice>
<pnpdevice><!--ich6usb.inf-->
<driverversion>8.2.0.1008</driverversion>
<pnpidstring>2658</pnpidstring>
<pnpidstring>2659</pnpidstring>
<pnpidstring>265A</pnpidstring>
<pnpidstring>265B</pnpidstring>
<pnpidstring>265C</pnpidstring>
</pnpdevice>
<pnpdevice><!--ich78id2.inf-->
<driverversion>9.1.1.1016</driverversion>
<pnpidstring>27C0</pnpidstring>
<pnpidstring>27C4</pnpidstring>
<pnpidstring>27DF</pnpidstring>
<pnpidstring>2820</pnpidstring>
<pnpidstring>2825</pnpidstring>
<pnpidstring>2828</pnpidstring>
<pnpidstring>2850</pnpidstring>
</pnpdevice>
<pnpdevice><!--ich78ide.inf-->
<driverversion>9.1.1.1016</driverversion>
<pnpidstring>27C0</pnpidstring>
<pnpidstring>27C4</pnpidstring>
<pnpidstring>27DF</pnpidstring>
<pnpidstring>2820</pnpidstring>
<pnpidstring>2825</pnpidstring>
<pnpidstring>2828</pnpidstring>
<pnpidstring>2850</pnpidstring>
</pnpdevice>
<pnpdevice><!--ich78usb.inf-->
<driverversion>9.1.1.1016</driverversion>
<pnpidstring>27C8</pnpidstring>
<pnpidstring>27C9</pnpidstring>
<pnpidstring>27CA</pnpidstring>
<pnpidstring>27CB</pnpidstring>
<pnpidstring>27CC</pnpidstring>
<pnpidstring>2830</pnpidstring>
<pnpidstring>2831</pnpidstring>
<pnpidstring>2832</pnpidstring>
<pnpidstring>2834</pnpidstring>
<pnpidstring>2835</pnpidstring>
<pnpidstring>2836</pnpidstring>
<pnpidstring>283A</pnpidstring>
</pnpdevice>
<pnpdevice><!--ich7core.inf-->
<driverversion>9.1.1.1016</driverversion>
<pnpidstring>27DA</pnpidstring>
<pnpidstring>27D0</pnpidstring>
<pnpidstring>27D2</pnpidstring>
<pnpidstring>27D4</pnpidstring>
<pnpidstring>27D6</pnpidstring>
<pnpidstring>27E0</pnpidstring>
<pnpidstring>27E2</pnpidstring>
<pnpidstring>27B0</pnpidstring>
<pnpidstring>27B8</pnpidstring>
<pnpidstring>27B9</pnpidstring>
<pnpidstring>27BD</pnpidstring>
</pnpdevice>
<pnpdevice><!--ich8core.inf-->
<driverversion>8.6.1.1002</driverversion>
<pnpidstring>284F</pnpidstring>
<pnpidstring>283F</pnpidstring>
<pnpidstring>2841</pnpidstring>
<pnpidstring>2843</pnpidstring>
<pnpidstring>2845</pnpidstring>
<pnpidstring>2847</pnpidstring>
<pnpidstring>2849</pnpidstring>
<pnpidstring>2810</pnpidstring>
<pnpidstring>2811</pnpidstring>
<pnpidstring>2812</pnpidstring>
<pnpidstring>2814</pnpidstring>
<pnpidstring>2815</pnpidstring>
</pnpdevice>
<pnpdevice><!--ich9core.inf-->
<driverversion>9.1.1.1013</driverversion>
<pnpidstring>2932</pnpidstring>
<pnpidstring>2A09</pnpidstring>
<pnpidstring>2A19</pnpidstring>
<pnpidstring>2A29</pnpidstring>
<pnpidstring>2A39</pnpidstring>
<pnpidstring>2A49</pnpidstring>
<pnpidstring>2A59</pnpidstring>
<pnpidstring>2A69</pnpidstring>
<pnpidstring>2A79</pnpidstring>
<pnpidstring>2A89</pnpidstring>
<pnpidstring>2A99</pnpidstring>
<pnpidstring>2AA9</pnpidstring>
<pnpidstring>2AB9</pnpidstring>
<pnpidstring>2AC9</pnpidstring>
<pnpidstring>2AD9</pnpidstring>
<pnpidstring>2AE9</pnpidstring>
<pnpidstring>2AF9</pnpidstring>
<pnpidstring>2940</pnpidstring>
<pnpidstring>2942</pnpidstring>
<pnpidstring>2944</pnpidstring>
<pnpidstring>2946</pnpidstring>
<pnpidstring>2948</pnpidstring>
<pnpidstring>294A</pnpidstring>
<pnpidstring>2910</pnpidstring>
<pnpidstring>2911</pnpidstring>
<pnpidstring>2912</pnpidstring>
<pnpidstring>2914</pnpidstring>
<pnpidstring>2916</pnpidstring>
<pnpidstring>2917</pnpidstring>
<pnpidstring>2918</pnpidstring>
<pnpidstring>2919</pnpidstring>
</pnpdevice>
<pnpdevice><!--ich9usb.inf-->
<driverversion>8.3.1.1011</driverversion>
<pnpidstring>2934</pnpidstring>
<pnpidstring>2935</pnpidstring>
<pnpidstring>2936</pnpidstring>
<pnpidstring>2937</pnpidstring>
<pnpidstring>2938</pnpidstring>
<pnpidstring>2939</pnpidstring>
<pnpidstring>293A</pnpidstring>
<pnpidstring>293C</pnpidstring>
</pnpdevice>
<pnpdevice><!--ichacore.inf-->
<driverversion>9.1.0.1013</driverversion>
<pnpidstring>3A32</pnpidstring>
<pnpidstring>3A62</pnpidstring>
<pnpidstring>3A51</pnpidstring>
<pnpidstring>2E08</pnpidstring>
<pnpidstring>2E18</pnpidstring>
<pnpidstring>2E28</pnpidstring>
<pnpidstring>2E38</pnpidstring>
<pnpidstring>2E48</pnpidstring>
<pnpidstring>2E58</pnpidstring>
<pnpidstring>2E68</pnpidstring>
<pnpidstring>2E78</pnpidstring>
<pnpidstring>2E88</pnpidstring>
<pnpidstring>2E98</pnpidstring>
<pnpidstring>2EA8</pnpidstring>
<pnpidstring>2EB8</pnpidstring>
<pnpidstring>2EC8</pnpidstring>
<pnpidstring>2ED8</pnpidstring>
<pnpidstring>2EE8</pnpidstring>
<pnpidstring>2EF8</pnpidstring>
<pnpidstring>3A40</pnpidstring>
<pnpidstring>3A42</pnpidstring>
<pnpidstring>3A44</pnpidstring>
<pnpidstring>3A46</pnpidstring>
<pnpidstring>3A48</pnpidstring>
<pnpidstring>3A4A</pnpidstring>
<pnpidstring>3A70</pnpidstring>
<pnpidstring>3A72</pnpidstring>
<pnpidstring>3A74</pnpidstring>
<pnpidstring>3A76</pnpidstring>
<pnpidstring>3A78</pnpidstring>
<pnpidstring>3A7A</pnpidstring>
<pnpidstring>3A10</pnpidstring>
<pnpidstring>3A14</pnpidstring>
<pnpidstring>3A1A</pnpidstring>
<pnpidstring>3A16</pnpidstring>
<pnpidstring>3A18</pnpidstring>
<pnpidstring>3A1E</pnpidstring>
</pnpdevice>
<pnpdevice><!--ichausb.inf-->
<driverversion>9.0.0.1005</driverversion>
<pnpidstring>3A64</pnpidstring>
<pnpidstring>3A65</pnpidstring>
<pnpidstring>3A66</pnpidstring>
<pnpidstring>3A67</pnpidstring>
<pnpidstring>3A68</pnpidstring>
<pnpidstring>3A69</pnpidstring>
<pnpidstring>3A6A</pnpidstring>
<pnpidstring>3A6C</pnpidstring>
<pnpidstring>3A34</pnpidstring>
<pnpidstring>3A35</pnpidstring>
<pnpidstring>3A36</pnpidstring>
<pnpidstring>3A37</pnpidstring>
<pnpidstring>3A38</pnpidstring>
<pnpidstring>3A39</pnpidstring>
<pnpidstring>3A3A</pnpidstring>
<pnpidstring>3A3C</pnpidstring>
</pnpdevice>
<pnpdevice><!--ichXdev.inf-->
<driverversion>7.1.1.1011</driverversion>
<pnpidstring>537C</pnpidstring>
</pnpdevice>
<pnpdevice><!--IntelCP2.inf-->
<driverversion>9.1.1.1022</driverversion>
<pnpidstring>2C50</pnpidstring>
<pnpidstring>2C51</pnpidstring>
<pnpidstring>2C52</pnpidstring>
<pnpidstring>2C53</pnpidstring>
<pnpidstring>2C54</pnpidstring>
<pnpidstring>2C55</pnpidstring>
<pnpidstring>2C56</pnpidstring>
<pnpidstring>2C57</pnpidstring>
<pnpidstring>2C81</pnpidstring>
<pnpidstring>2C90</pnpidstring>
<pnpidstring>2C91</pnpidstring>
<pnpidstring>2C98</pnpidstring>
<pnpidstring>2C99</pnpidstring>
<pnpidstring>2C9C</pnpidstring>
<pnpidstring>2CA0</pnpidstring>
<pnpidstring>2CA1</pnpidstring>
<pnpidstring>2CA2</pnpidstring>
<pnpidstring>2CA3</pnpidstring>
<pnpidstring>2CA8</pnpidstring>
<pnpidstring>2CA9</pnpidstring>
<pnpidstring>2CAA</pnpidstring>
<pnpidstring>2CAB</pnpidstring>
<pnpidstring>D130</pnpidstring>
<pnpidstring>D131</pnpidstring>
<pnpidstring>D132</pnpidstring>
<pnpidstring>D133</pnpidstring>
<pnpidstring>D134</pnpidstring>
<pnpidstring>D135</pnpidstring>
<pnpidstring>D136</pnpidstring>
<pnpidstring>D137</pnpidstring>
<pnpidstring>D138</pnpidstring>
<pnpidstring>D139</pnpidstring>
<pnpidstring>D13A</pnpidstring>
<pnpidstring>D13B</pnpidstring>
<pnpidstring>D150</pnpidstring>
<pnpidstring>D151</pnpidstring>
<pnpidstring>D155</pnpidstring>
<pnpidstring>D156</pnpidstring>
<pnpidstring>D157</pnpidstring>
<pnpidstring>D158</pnpidstring>
<pnpidstring>27BC</pnpidstring>
<pnpidstring>A000</pnpidstring>
<pnpidstring>A010</pnpidstring>
<pnpidstring>0040</pnpidstring>
<pnpidstring>0041</pnpidstring>
<pnpidstring>0043</pnpidstring>
<pnpidstring>0044</pnpidstring>
<pnpidstring>0045</pnpidstring>
<pnpidstring>0047</pnpidstring>
<pnpidstring>0048</pnpidstring>
<pnpidstring>0050</pnpidstring>
<pnpidstring>2C61</pnpidstring>
<pnpidstring>2C62</pnpidstring>
<pnpidstring>2D01</pnpidstring>
<pnpidstring>2D10</pnpidstring>
<pnpidstring>2D11</pnpidstring>
<pnpidstring>2D12</pnpidstring>
<pnpidstring>2D13</pnpidstring>
<pnpidstring>0049</pnpidstring>
<pnpidstring>004B</pnpidstring>
</pnpdevice>
<pnpdevice><!--IntelCPU.inf-->
<driverversion>9.1.0.1010</driverversion>
<pnpidstring>2C01</pnpidstring>
<pnpidstring>2C10</pnpidstring>
<pnpidstring>2C11</pnpidstring>
<pnpidstring>2C14</pnpidstring>
<pnpidstring>2C15</pnpidstring>
<pnpidstring>2C18</pnpidstring>
<pnpidstring>2C19</pnpidstring>
<pnpidstring>2C1A</pnpidstring>
<pnpidstring>2C1C</pnpidstring>
<pnpidstring>2C20</pnpidstring>
<pnpidstring>2C21</pnpidstring>
<pnpidstring>2C22</pnpidstring>
<pnpidstring>2C23</pnpidstring>
<pnpidstring>2C28</pnpidstring>
<pnpidstring>2C29</pnpidstring>
<pnpidstring>2C2A</pnpidstring>
<pnpidstring>2C2B</pnpidstring>
<pnpidstring>2C30</pnpidstring>
<pnpidstring>2C31</pnpidstring>
<pnpidstring>2C32</pnpidstring>
<pnpidstring>2C33</pnpidstring>
<pnpidstring>2C40</pnpidstring>
<pnpidstring>2C41</pnpidstring>
</pnpdevice>
<pnpdevice><!--IntelIOH.inf-->
<driverversion>9.1.1.1026</driverversion>
<pnpidstring>3400</pnpidstring>
<pnpidstring>3401</pnpidstring>
<pnpidstring>3402</pnpidstring>
<pnpidstring>3403</pnpidstring>
<pnpidstring>3404</pnpidstring>
<pnpidstring>3405</pnpidstring>
<pnpidstring>3406</pnpidstring>
<pnpidstring>3407</pnpidstring>
<pnpidstring>3408</pnpidstring>
<pnpidstring>3409</pnpidstring>
<pnpidstring>340a</pnpidstring>
<pnpidstring>340b</pnpidstring>
<pnpidstring>340c</pnpidstring>
<pnpidstring>340d</pnpidstring>
<pnpidstring>340e</pnpidstring>
<pnpidstring>340f</pnpidstring>
<pnpidstring>3410</pnpidstring>
<pnpidstring>3411</pnpidstring>
<pnpidstring>3418</pnpidstring>
<pnpidstring>3419</pnpidstring>
<pnpidstring>3420</pnpidstring>
<pnpidstring>3421</pnpidstring>
<pnpidstring>3422</pnpidstring>
<pnpidstring>3423</pnpidstring>
<pnpidstring>3424</pnpidstring>
<pnpidstring>3425</pnpidstring>
<pnpidstring>3426</pnpidstring>
<pnpidstring>3427</pnpidstring>
<pnpidstring>3428</pnpidstring>
<pnpidstring>342d</pnpidstring>
<pnpidstring>342e</pnpidstring>
<pnpidstring>342f</pnpidstring>
<pnpidstring>3438</pnpidstring>
</pnpdevice>
<pnpdevice><!--ioatdma.inf-->
<driverversion>1.2.67.0</driverversion>
<pnpidstring>1A38</pnpidstring>
<pnpidstring>360B</pnpidstring>
</pnpdevice>
<pnpdevice><!--JasperFo.inf-->
<driverversion>9.1.2.1004</driverversion>
<pnpidstring>2C58</pnpidstring>
<pnpidstring>2C59</pnpidstring>
<pnpidstring>2C5A</pnpidstring>
<pnpidstring>2C5B</pnpidstring>
<pnpidstring>2C5C</pnpidstring>
<pnpidstring>2C5D</pnpidstring>
<pnpidstring>2C5E</pnpidstring>
<pnpidstring>2C5F</pnpidstring>
<pnpidstring>2CC1</pnpidstring>
<pnpidstring>2CD0</pnpidstring>
<pnpidstring>2CD1</pnpidstring>
<pnpidstring>2CD4</pnpidstring>
<pnpidstring>2CD5</pnpidstring>
<pnpidstring>2CD8</pnpidstring>
<pnpidstring>2CD9</pnpidstring>
<pnpidstring>2CDA</pnpidstring>
<pnpidstring>2CDC</pnpidstring>
<pnpidstring>2CE0</pnpidstring>
<pnpidstring>2CE1</pnpidstring>
<pnpidstring>2CE2</pnpidstring>
<pnpidstring>2CE3</pnpidstring>
<pnpidstring>2CE8</pnpidstring>
<pnpidstring>2CE9</pnpidstring>
<pnpidstring>2CEA</pnpidstring>
<pnpidstring>2CEB</pnpidstring>
<pnpidstring>2CF0</pnpidstring>
<pnpidstring>2CF1</pnpidstring>
<pnpidstring>2CF2</pnpidstring>
<pnpidstring>2CF3</pnpidstring>
<pnpidstring>3700</pnpidstring>
<pnpidstring>3701</pnpidstring>
<pnpidstring>3702</pnpidstring>
<pnpidstring>3703</pnpidstring>
<pnpidstring>3704</pnpidstring>
<pnpidstring>3705</pnpidstring>
<pnpidstring>3706</pnpidstring>
<pnpidstring>3707</pnpidstring>
<pnpidstring>3708</pnpidstring>
<pnpidstring>3709</pnpidstring>
<pnpidstring>370A</pnpidstring>
<pnpidstring>370B</pnpidstring>
<pnpidstring>370C</pnpidstring>
<pnpidstring>370D</pnpidstring>
<pnpidstring>370E</pnpidstring>
<pnpidstring>370F</pnpidstring>
<pnpidstring>3710</pnpidstring>
<pnpidstring>3711</pnpidstring>
<pnpidstring>3712</pnpidstring>
<pnpidstring>3713</pnpidstring>
<pnpidstring>3714</pnpidstring>
<pnpidstring>3715</pnpidstring>
<pnpidstring>3716</pnpidstring>
<pnpidstring>3717</pnpidstring>
<pnpidstring>3718</pnpidstring>
<pnpidstring>3719</pnpidstring>
<pnpidstring>371A</pnpidstring>
<pnpidstring>371B</pnpidstring>
<pnpidstring>371D</pnpidstring>
<pnpidstring>3720</pnpidstring>
<pnpidstring>3721</pnpidstring>
<pnpidstring>3722</pnpidstring>
<pnpidstring>3723</pnpidstring>
<pnpidstring>3724</pnpidstring>
<pnpidstring>3725</pnpidstring>
<pnpidstring>3726</pnpidstring>
<pnpidstring>3727</pnpidstring>
<pnpidstring>3728</pnpidstring>
<pnpidstring>3729</pnpidstring>
<pnpidstring>372A</pnpidstring>
<pnpidstring>372B</pnpidstring>
<pnpidstring>372C</pnpidstring>
<pnpidstring>373F</pnpidstring>
</pnpdevice>
<pnpdevice><!--NehalMEX.inf-->
<driverversion>9.1.2.1014</driverversion>
<pnpidstring>2B00</pnpidstring>
<pnpidstring>2B02</pnpidstring>
<pnpidstring>2B04</pnpidstring>
<pnpidstring>2B08</pnpidstring>
<pnpidstring>2B0C</pnpidstring>
<pnpidstring>2B10</pnpidstring>
<pnpidstring>2B13</pnpidstring>
<pnpidstring>2B14</pnpidstring>
<pnpidstring>2B16</pnpidstring>
<pnpidstring>2B18</pnpidstring>
<pnpidstring>2B1B</pnpidstring>
<pnpidstring>2B1c</pnpidstring>
<pnpidstring>2B1E</pnpidstring>
<pnpidstring>2B20</pnpidstring>
<pnpidstring>2B22</pnpidstring>
<pnpidstring>2B24</pnpidstring>
<pnpidstring>2B28</pnpidstring>
<pnpidstring>2B2A</pnpidstring>
<pnpidstring>2B2C</pnpidstring>
<pnpidstring>2B30</pnpidstring>
<pnpidstring>2B34</pnpidstring>
<pnpidstring>2B38</pnpidstring>
<pnpidstring>2B3C</pnpidstring>
<pnpidstring>2B40</pnpidstring>
<pnpidstring>2B42</pnpidstring>
<pnpidstring>2B44</pnpidstring>
<pnpidstring>2B46</pnpidstring>
<pnpidstring>2B48</pnpidstring>
<pnpidstring>2B4C</pnpidstring>
<pnpidstring>2B50</pnpidstring>
<pnpidstring>2B52</pnpidstring>
<pnpidstring>2B54</pnpidstring>
<pnpidstring>2B56</pnpidstring>
<pnpidstring>2B58</pnpidstring>
<pnpidstring>2B5A</pnpidstring>
<pnpidstring>2B5C</pnpidstring>
<pnpidstring>2B5E</pnpidstring>
<pnpidstring>2B60</pnpidstring>
<pnpidstring>2B62</pnpidstring>
<pnpidstring>2B64</pnpidstring>
<pnpidstring>2B66</pnpidstring>
<pnpidstring>2C70</pnpidstring>
<pnpidstring>2D81</pnpidstring>
<pnpidstring>2D90</pnpidstring>
<pnpidstring>2D91</pnpidstring>
<pnpidstring>2D92</pnpidstring>
<pnpidstring>2D93</pnpidstring>
<pnpidstring>2D94</pnpidstring>
<pnpidstring>2D95</pnpidstring>
<pnpidstring>2D98</pnpidstring>
<pnpidstring>2D99</pnpidstring>
<pnpidstring>2D9A</pnpidstring>
<pnpidstring>2D9C</pnpidstring>
<pnpidstring>2DA0</pnpidstring>
<pnpidstring>2DA1</pnpidstring>
<pnpidstring>2DA2</pnpidstring>
<pnpidstring>2DA3</pnpidstring>
<pnpidstring>2DA8</pnpidstring>
<pnpidstring>2DA9</pnpidstring>
<pnpidstring>2DAA</pnpidstring>
<pnpidstring>2DAB</pnpidstring>
<pnpidstring>2DB0</pnpidstring>
<pnpidstring>2DB1</pnpidstring>
<pnpidstring>2DB2</pnpidstring>
<pnpidstring>2DB3</pnpidstring>
<pnpidstring>2B68</pnpidstring>
<pnpidstring>2B6C</pnpidstring>
<pnpidstring>2C9A</pnpidstring>
<pnpidstring>0069</pnpidstring>
</pnpdevice>
<pnpdevice><!--pm45gm45.inf-->
<driverversion>9.1.0.1003</driverversion>
<pnpidstring>2A40</pnpidstring>
<pnpidstring>2A41</pnpidstring>
</pnpdevice>
<pnpdevice><!--qd3nodrv.inf-->
<driverversion>1.3.00.0</driverversion>
<pnpidstring>3430</pnpidstring>
<pnpidstring>3431</pnpidstring>
<pnpidstring>3432</pnpidstring>
<pnpidstring>3433</pnpidstring>
<pnpidstring>3429</pnpidstring>
<pnpidstring>342A</pnpidstring>
<pnpidstring>342B</pnpidstring>
<pnpidstring>342C</pnpidstring>
</pnpdevice>
<pnpdevice><!--SNB2009.inf-->
<driverversion>9.2.0.1011</driverversion>
<pnpidstring>0100</pnpidstring>
<pnpidstring>0104</pnpidstring>
<pnpidstring>0108</pnpidstring>
<pnpidstring>0101</pnpidstring>
<pnpidstring>0105</pnpidstring>
<pnpidstring>0109</pnpidstring>
<pnpidstring>010D</pnpidstring>
</pnpdevice>
<pnpdevice><!--Tcreek.inf-->
<driverversion>9.1.2.1010</driverversion>
<pnpidstring>4114</pnpidstring>
<pnpidstring>4115</pnpidstring>
<pnpidstring>4116</pnpidstring>
<pnpidstring>4117</pnpidstring>
<pnpidstring>8183</pnpidstring>
<pnpidstring>8180</pnpidstring>
<pnpidstring>8181</pnpidstring>
<pnpidstring>8184</pnpidstring>
<pnpidstring>8185</pnpidstring>
<pnpidstring>8186</pnpidstring>
<pnpidstring>8800</pnpidstring>
</pnpdevice>
<pnpdevice><!--Tcrkahci.inf-->
<driverversion>9.1.2.1010</driverversion>
<pnpidstring>880B</pnpidstring>
</pnpdevice>
<pnpdevice><!--TcrkSD.inf-->
<driverversion>9.1.2.1011</driverversion>
<pnpidstring>8809</pnpidstring>
<pnpidstring>880a</pnpidstring>
</pnpdevice>
<pnpdevice><!--tcrkusb.inf-->
<driverversion>9.1.2.1012</driverversion>
<pnpidstring>8804</pnpidstring>
<pnpidstring>8805</pnpidstring>
<pnpidstring>8806</pnpidstring>
<pnpidstring>880c</pnpidstring>
<pnpidstring>880d</pnpidstring>
<pnpidstring>880e</pnpidstring>
<pnpidstring>8807</pnpidstring>
<pnpidstring>880f</pnpidstring>
</pnpdevice>
<pnpdevice><!--whed_dev.inf-->
<driverversion>9.1.1.1016</driverversion>
</pnpdevice>
</pnpids>
		</extractdriversidentifier>
		<fullpackageidentifier>
			<registrykeys>
				<registrykey>
					<name>HKEY_LOCAL_MACHINE\SOFTWARE\Dell\ManageableUpdatePackage\Intel\Version\</name>
					<value>8.2.0.1000</value>
</registrykey>
			</registrykeys>
		</fullpackageidentifier>
	</inventorymetadata>



































































</MUPDefinition>
